{"flutter":{"platforms":{"android":{"default":{"projectId":"capston-5713f","appId":"1:582630173242:android:db5e94c0e9764080d1e303","fileOutput":"android/app/google-services.json"}},"dart":{"lib/firebase_options.dart":{"projectId":"capston-5713f","configurations":{"android":"1:582630173242:android:db5e94c0e9764080d1e303","ios":"1:582630173242:ios:c8fc29ac56169a91d1e303","macos":"1:582630173242:ios:c8fc29ac56169a91d1e303","web":"1:582630173242:web:cc7b376f8afc4c78d1e303","windows":"1:582630173242:web:df3efc59869b99a6d1e303"}}}}}}